0,42,63,
1,29,62,
1door,800,800,
1door_b,800,800,
2,42,62,
2door,800,800,
2door_b,800,800,
2nd_01,3840,2160,
2nd_01_2,3840,2160,
2nd_02,3840,2160,
2nd_02_2,3840,2160,
2nd_02_3,3840,2160,
2nd_04,3840,2160,
2nd_05_1,3840,2160,
2nd_05_2,3840,2160,
2nd_06,3840,2160,
2nd_06_2,3840,2160,
2nd_06_3,3840,2160,
2nd_08,3840,2160,
2章_アムステルダム,3840,2160,
2章_ステンドグラス,3840,2160,
2章_バケモノだよ！,3840,2160,
2章_ベステア,3840,2160,
2章_ベステア2,3840,2160,
2章_ベステア3,3840,2160,
2章_ポーリーン,3840,2160,
2章_ユキマサ！,3840,2160,
2章_リビング,3840,2160,
2章_リビングベステア時,3840,2160,
2章_二匹の獣,3840,2160,
2章_二匹の獣2,3840,2160,
2章_二匹の獣真相,3840,2160,
2章_二匹の獣真相2,3840,2160,
2章_倉庫,3840,2160,
2章_倉庫ベステア時,3840,2160,
2章_公園,3840,2160,
2章_地下へ,3840,2160,
2章_寝室,3840,2160,
2章_寝室ベステア時,3840,2160,
2章_庭,3840,2160,
2章_庭ベステア時,3840,2160,
2章_廊下,3840,2160,
2章_廊下ベステア時,3840,2160,
2章_断崖,3840,2160,
2章_最後の血,3840,2160,
2章_村,3840,2160,
2章_村の家ベステア時,3840,2160,
2章_村ベステア時,3840,2160,
2章_村ユキマサ時,3840,2160,
2章_森,3840,2160,
2章_森ポリン時,3840,2160,
2章_殺意1,3840,2160,
2章_殺意2,3840,2160,
2章_殺意3,3840,2160,
2章_殺意4,3840,2160,
2章_海,3840,2160,
2章_海2,3840,2160,
2章_海ベステア時,3840,2160,
2章_湿地,3820,2160,
2章_独白1,3840,2160,
2章_独白2,3840,2160,
2章_独白3,3840,2160,
2章_独白4,3840,2160,
2章_独白5,3840,2160,
2章_独白6,3840,2160,
2章_独白7,3840,2160,
2章_玄関,3840,2160,
2章_玄関ベステア時,3840,2160,
2章_船の地下,3840,2160,
2章_館外観,3840,2160,
2章_館外観塔あり,3840,2160,
2章_館外観塔ありユキマサ時,3840,2160,
3,39,66,
3door,800,800,
3door_b,800,800,
3章_カーザノストラ,3840,2160,
3章_ダンスホール,3840,2160,
3章_ビリヤード室,3840,2160,
3章_フェナキストスコープ,3840,2160,
3章_マリーア発砲,3840,2160,
3章_マリーア発砲_1,3840,2160,
3章_マリーア発砲_2,3840,2160,
3章_マリーア裏切り,3840,2160,
3章_マリーア裏切り_1,3840,2160,
3章_マリーア裏切り_2,3840,2160,
3章_マリーア裏切り_3,3840,2160,
3章_マリーア裏切り_4,3840,2160,
3章_マリーア裏切り_5,3840,2160,
3章_メイド部屋,3840,2160,
3章_ヤコポの父,3840,2160,
3章_ヤコポの部屋,3840,2160,
3章_ヤコポの部屋2,3840,2160,
3章_丘からの夜景,3840,2160,
3章_倉庫,3840,2160,
3章_写真屋,3840,2160,
3章_列車,3840,2160,
3章_子供時代の街道,3840,2160,
3章_店内,3840,2160,
3章_廊下夜,3840,2160,
3章_廊下昼,3840,2160,
3章_強迫観念,3840,2160,
3章_強迫観念10,3840,2160,
3章_強迫観念11,3840,2160,
3章_強迫観念12,3840,2160,
3章_強迫観念13,3840,2160,
3章_強迫観念14,3840,2160,
3章_強迫観念15,3840,2160,
3章_強迫観念16,3840,2160,
3章_強迫観念17,3840,2160,
3章_強迫観念18,3840,2160,
3章_強迫観念19,3840,2160,
3章_強迫観念2,3840,2160,
3章_強迫観念20,3840,2160,
3章_強迫観念21,3840,2160,
3章_強迫観念3,3840,2160,
3章_強迫観念4,3840,2160,
3章_強迫観念5,3840,2160,
3章_強迫観念6,3840,2160,
3章_強迫観念7,3840,2160,
3章_強迫観念8,3840,2160,
3章_強迫観念9,3840,2160,
3章_恐怖,3840,2160,
3章_手紙を書く白髪,3840,2160,
3章_手紙を書く白髪2,3840,2160,
3章_手紙を書く白髪3,3840,2160,
3章_手紙を書く白髪4,3840,2160,
3章_手紙を読むヤコポ,3840,2160,
3章_撃たれマリーア,3840,2160,
3章_暴力現場,3840,2160,
3章_暴力現場_ヤコポ,3840,2160,
3章_暴力現場_白髪,3840,2160,
3章_白髪の回想,3840,2160,
3章_白髪の微笑み,3840,2160,
3章_白髪の部屋,3840,2160,
3章_白髪の部屋夜,3840,2160,
3章_薔薇の庭園,3840,2160,
3章_薔薇の庭園昼,3840,2160,
3章_街並み,3840,2160,
3章_離れ,3840,2160,
3章_離れ内部,3840,2160,
3章_離れ内部2,3840,2160,
3章_離れ夜,3840,2160,
3章_馬車,3840,2160,
4,46,65,
4door,800,800,
4door_b,800,800,
4door_c,800,800,
4door_d,800,800,
4door_e,800,800,
4章_ミシェル,3840,2160,
4章_ミシェルの死アップ,3840,2160,
4章_ミシェルの死アップ下,3840,2160,
4章_ミシェルバグる,3840,2160,
4章_取り戻すな,3840,2160,
4章_庭,3840,2160,
4章_廊下,3840,2160,
4章_影絵背景,3840,2160,
4章_手,3840,2160,
4章_手2,3840,2160,
4章_暗い森,3840,2160,
4章_書庫,3840,2160,
4章_最後の二人,3840,2160,
4章_最後の二人2,3840,2160,
4章_本,3840,2160,
4章_死んだ蝶,3840,2160,
4章_玄関,3840,2160,
4章_玄関2,3840,2160,
4章_白髪,3840,2160,
4章_白髪伏し目,3840,2160,
4章_白髪伏し目笑顔,3840,2160,
4章_白髪笑顔,3840,2160,
4章_館外観,3840,2160,
5,38,66,
5door,800,800,
5章_その絵を見たな,3840,2160,
5章_その絵を見たな前,3840,2160,
5章_アメデの家,3840,2160,
5章_アントナンの寝室,3840,2160,
5章_ジゼルと薔薇,3840,2160,
5章_ジゼルと薔薇2,3840,2160,
5章_ジゼルと薔薇手あり,3840,2160,
5章_ジゼルと薔薇逸らし,3840,2160,
5章_ジゼルと薔薇（薔薇なし,3840,2160,
5章_ジゼルの実家,3840,2160,
5章_ジゼルの絶望,3840,2160,
5章_ジゼルの絶望2,3840,2160,
5章_ジゼルの裸,3840,2160,
5章_ジゼルの裸号泣,3840,2160,
5章_ジゼルの裸微笑み,3840,2160,
5章_ジゼルの裸瞑目,3840,2160,
5章_ジゼルの裸葛藤,3840,2160,
5章_ジゼルの部屋,3840,2160,
5章_ジゼルの部屋2,3840,2160,
5章_ジゼルの部屋光,3840,2160,
5章_ボランジェ邸の庭,3840,2160,
5章_ボランジェ邸の廊下,3840,2160,
5章_ミシェルの死,3840,2160,
5章_ミシェルの死2,3840,2160,
5章_ミシェルの部屋,3840,2160,
5章_二人の距離,3840,2160,
5章_二人の距離0,3840,2160,
5章_二人の距離2,3840,2160,
5章_二人の距離3,3840,2160,
5章_二人の距離4,3840,2160,
5章_倉庫,3840,2160,
5章_倉庫光,3840,2160,
5章_回想の霧の中,3840,2160,
5章_寝室,3840,2160,
5章_寝室光,3840,2160,
5章_小屋,3840,2160,
5章_小屋の中,3840,2160,
5章_廊下光,3840,2160,
5章_影絵1,3840,2160,
5章_影絵2,3840,2160,
5章_影絵3,3840,2160,
5章_影絵4,3840,2160,
5章_影絵5,3840,2160,
5章_影絵6,3840,2160,
5章_影絵7,3840,2160,
5章_影絵8,3840,2160,
5章_影絵9,3840,2160,
5章_扉を開いて！,3840,2160,
5章_教会奥の扉,3840,2160,
5章_日中の庭,3840,2160,
5章_日中の森,3840,2160,
5章_暖炉,3840,2160,
5章_暖炉光,3840,2160,
5章_書庫光,3840,2160,
5章_本を読む二人,3840,2160,
5章_本を読む二人2,3840,2160,
5章_本を読む二人3,3840,2160,
5章_水の中,3840,2160,
5章_物見の塔前の扉,3840,2160,
5章_玄関光,3840,2160,
5章_薔薇,3840,2160,
5章_近隣の村,3840,2160,
5章_陽光の下で,3840,2160,
5章_陽光の下でアップ,3840,2160,
5章_陽光の下でアップ2,3840,2160,
5章_陽光の下でアップ3,3840,2160,
5章_館外観日中,3840,2160,
5章ジゼルの実家,3840,2160,
6,42,67,
6door,800,800,
6door_b,800,800,
6章_あなた達は,3840,2160,
6章_あなた達は2,3840,2160,
6章_あなた達は3,3840,2160,
6章_あなた達は4,3840,2160,
6章_あなた達は5,3840,2160,
6章_あなた達は6,3840,2160,
6章_奪われる女中,3840,2160,
6章_奪われる女中2,3840,2160,
6章_奪われる女中3,3840,2160,
6章_奪われる女中4,3840,2160,
6章_奪われる女中5,3840,2160,
6章_奪われる女中6,3840,2160,
6章_奪われる女中7,3840,2160,
6章_奪われる女中ぼかし,3840,2160,
6章_奪われる女中上,3840,2160,
6章_奪われる女中下,3840,2160,
6章_消された記憶,3840,2160,
6章_消された記憶2,3840,2160,
6章_消された記憶3,3840,2160,
6章_消された記憶4,3840,2160,
6章_醜い世界,3840,2160,
6章_醜い世界2,3840,2160,
6章_醜い世界3,3840,2160,
6章_醜い世界4,3840,2160,
6章_離さないで,3840,2160,
7,43,65,
7door,800,800,
7door_b,800,800,
7章_エメとミシェル,3840,2160,
7章_エメとミシェル2,3840,2160,
7章_ボランジェ邸の庭夜,3840,2160,
7章_ミシェルの絶望,3840,2160,
7章_ミシェルの絶望2,3840,2160,
7章_ミシェルの絶望3,3840,2160,
7章_ミシェルの絶望4,3840,2160,
7章_ミシェルの絶望5,3840,2160,
7章_ミシェルの絶望6,3840,2160,
7章_ミシェルの絶望7,3840,2160,
7章_ミシェルの部屋夜,3840,2160,
7章_ミシェルの部屋闇,3840,2160,
7章_兄弟たち,3840,2160,
7章_兄弟たち2,3840,2160,
7章_強迫概念,3840,2160,
7章_強迫概念2,3840,2160,
7章_強迫概念3,3840,2160,
7章_強迫概念4,3840,2160,
7章_最初から,3840,2160,
7章_最初から2,3840,2160,
7章_死後の村,3840,2160,
7章_臓物,3840,2160,
7章背景,3840,2160,
7章背景4,3840,2160,
7章背景ミシェル,3840,2160,
8,39,62,
8door,800,800,
8door_b,800,800,
8door_c,800,800,
8door_d,800,800,
8door_e,800,800,
8章_ひどい部屋,3840,2160,
8章_ひどい部屋夜,3840,2160,
8章_ひどい部屋夜2,3840,2160,
8章_シルクロード,3840,2160,
8章_ポーリーン教会,3840,2160,
8章_ポーリーン教会中,3840,2160,
8章_ポーリーン教会夜,3840,2160,
8章_メルの小屋,3840,2160,
8章_メル小屋の前,3840,2160,
8章_モルガーナの小屋,3840,2160,
8章_モルガーナの小屋前,3840,2160,
8章_モルガーナの死,3840,2160,
8章_モルガーナの死2,3840,2160,
8章_モルガーナの死3,3840,2160,
8章_モルガーナの部屋,3840,2160,
8章_モルガーナの部屋2,3840,2160,
8章_モルガーナの部屋3,3840,2160,
8章_モルガーナ実家,3840,2160,
8章_モルガーナ実家夜,3840,2160,
8章_モルガーナ離別,3840,2160,
8章_三人の男,3840,2160,
8章_世界に光を,3840,2160,
8章_世界に光を2,3840,2160,
8章_二人の男,3840,2160,
8章_亡霊ディディエ,3840,2160,
8章_亡霊ディディエ2,3840,2160,
8章_亡霊ディディエ3,3840,2160,
8章_亡霊ディディエ4,3840,2160,
8章_剣,3840,2160,
8章_小屋,3840,2160,
8章_広場,3840,2160,
8章_広場夜,3840,2160,
8章_広場血,3840,2160,
8章_救済,3840,2160,
8章_救済1_5,3840,2160,
8章_救済2,3840,2160,
8章_救済3,3840,2160,
8章_救済4,3840,2160,
8章_教会,3840,2160,
8章_教会夜,3840,2160,
8章_教会寝室,3840,2160,
8章_暖炉歪み,3840,2160,
8章_暖炉闇,3840,2160,
8章_湖畔,3840,2160,
8章_白髪の最期,3840,2160,
8章_白髪の最期2,3840,2160,
8章_白髪の最期前,3840,2160,
8章_空,3840,2160,
8章_空2,3840,2160,
8章_街道,3840,2160,
8章_街道特殊,3840,2160,
8章_街道特殊2,3840,2160,
8章_近隣の村夜,3840,2160,
8章_雪,3840,2160,
8章_領主の館,3840,2160,
9,41,67,
blacksozai,3840,3840,
ev_01_1,3840,2160,
ev_01_2,3840,2160,
ev_01_3,3840,2160,
ev_01_特殊,3840,2160,
ev_01_特殊2,3840,2160,
ev_01_特殊3,3840,2160,
ev_02,3840,2160,
ev_02_2,3840,2160,
ev_02_カメラ用,3840,2160,
ev_02_カメラ用_モル,3840,2160,
ev_02_カメラ用_ヤコポ,3840,2160,
ev_03,3840,2160,
ev_03_2,3840,2160,
ev_03_3,3840,2160,
ev_03_4,3840,2160,
ev_04,3840,2160,
ev_04_2,3840,2160,
ev_04_3,3840,2160,
ev_05_1,3840,2160,
ev_05_2,3840,2160,
ev_05_3,3840,2160,
ev_05_4,3840,2160,
ev_06_1,3840,2160,
ev_06_2,3840,2160,
ev_06_2特殊,3840,2160,
ev_06_2特殊2,3840,2160,
ev_07,3840,2160,
ev_07B,3840,2160,
ev_07B_2,3840,2160,
ev_08,3840,2160,
ev_08上,3840,2160,
ev_08下,3840,2160,
ev_09,3840,2160,
ev_10,3840,2160,
ev_AHE,3840,2160,
ev_bc,3840,2160,
ev_bc_2,3840,2160,
ev_bc_3,3840,2160,
ev_bc_4,3840,2160,
ev_bc_下地,3840,2160,
Ex_bg,3840,2160,
fata1,3840,2160,
fata2,3840,2160,
fata3,3840,2160,
fata4,3840,2160,
FDA_ジョルジュの部屋,3840,2160,
FDA_プロローグ1,3840,2160,
FDA_プロローグ2,3840,2160,
FDA_プロローグ3,3840,2160,
FDA_プロローグ4,3840,2160,
FDA_プロローグ5,3840,2160,
FDA_プロローグ6,3840,2160,
FDA_プロローグ7,3840,2160,
FDA_ミシェルの家近辺,3840,2160,
FDA_夢の草原,3840,2160,
FDH_エンド,3840,2160,
FDH_エンド2,3840,2160,
FDH_タイトル1,3840,2160,
FDH_タイトル2,3840,2160,
FDH_パリ北駅,3840,2160,
FDH_パリ夜,3840,2160,
FDH_パリ街並み,3840,2160,
FDH_パリ街並み2,3840,2160,
FDH_パリ街並み3,3840,2160,
FDH_ミシェルのリビング,3840,2160,
FDH_ミシェルの部屋寝室,3840,2160,
FDH_ミシェルの部屋寝室夜,3840,2160,
FDH_ミシェルの部屋洗面台,3840,2160,
FDH_公園,3840,2160,
FDH_公園2,3840,2160,
FDH_地下鉄,3840,2160,
FDH_映画館,3840,2160,
FDH_郊外の家上,3840,2160,
FDH_郊外の家下,3840,2160,
FD_07B特殊,3840,2160,
FD_おばあさんの家,3840,2160,
FD_それから,3840,2160,
FD_それから2,3840,2160,
FD_もう一人の私,3980,2239,
FD_エンディング1,3840,2160,
FD_エンディング2,3840,2160,
FD_エンディング3,3840,2160,
FD_エンディング4,3840,2160,
FD_エンディング5,3840,2160,
FD_エンディング5A,3840,3840,
FD_エンディング5B,3840,2160,
FD_エンディング5C,3840,2160,
FD_エンディング6,3840,2160,
FD_エンディング7,3840,2160,
FD_エンディング8,3840,2160,
FD_エンディングen,3840,2160,
FD_エンド,3840,2160,
FD_オープニング,3840,2160,
FD_オープニング2,3840,2160,
FD_タイトル背景,3840,2160,
FD_タイトル背景2,3840,2160,
FD_タイトル背景3,3840,2160,
FD_バルニエおぼろげ,3840,2160,
FD_バルニエおぼろげ2,3840,2160,
FD_バルニエおぼろげ3,3840,2160,
FD_バルニエおぼろげ4,3840,2160,
FD_ベレニスの家,3840,2160,
FD_モルガーナの村,3840,2160,
FD_モルガーナの村2,3840,2160,
FD_ヤコポの部屋,3840,2160,
FD_ヤコポの部屋夜,3840,2160,
FD_前編終わり,3840,2160,
FD_四年前,3840,2160,
FD_墓地,3840,2160,
FD_墓地回想,3840,2160,
FD_夕焼け,3840,2160,
FD_娼婦の話,3840,2160,
FD_娼館,3840,2160,
FD_娼館夕方,3840,2160,
FD_娼館夜,3840,2160,
FD_娼館客室,3840,2160,
FD_娼館客室襲撃後,3840,2160,
FD_娼館客室襲撃後特殊,3840,2160,
FD_娼館寝室,3840,2160,
FD_娼館寝室回想,3840,2160,
FD_娼館寝室夜,3840,2160,
FD_娼館小部屋,3840,2160,
FD_娼館小部屋特殊,3840,2160,
FD_娼館部屋,3840,2160,
FD_娼館食堂,3840,2160,
FD_娼館食堂回想,3840,2160,
FD_娼館食堂夕方,3840,2160,
FD_娼館食堂夜,3840,2160,
FD_広い世界,3840,2160,
FD_広い世界2,3840,2160,
FD_強迫観念,3840,2160,
FD_強迫観念2,3840,2160,
FD_強迫観念3,3840,2160,
FD_強迫観念4,3840,2160,
FD_強迫観念5,3840,2160,
FD_強迫観念6,3840,2160,
FD_強迫観念7,3840,2160,
FD_強迫観念8,3840,2160,
FD_悪党の話,3840,2160,
FD_拷問,3840,2160,
FD_拷問2,3840,2160,
FD_故郷,3840,2160,
FD_故郷2,3840,2160,
FD_朝焼け,3840,2160,
FD_物見の塔最上階,3840,2160,
FD_物見の塔最上階特殊,3840,2160,
FD_物見の塔最上階特殊2,3840,2160,
FD_物見の塔最上階特殊3,3840,2160,
FD_祭り,3840,2160,
FD_空,3840,2160,
FD_窓からの光,3840,2160,
FD_第二の娼館,3840,2160,
FD_第二の娼館夜,3840,2160,
FD_街,3840,2160,
FD_街夕方,3840,2160,
FD_街明るい,3840,2160,
FD_貧民街,3840,2160,
FD_貧民街夕方,3840,2160,
FD_貧民街夜,3840,2160,
FD_貧民街夜特殊,3840,2160,
FD_貧民街特殊,3840,2160,
FD_路地裏,3840,2160,
FD_路地裏夜,3840,2160,
FD_農園の話,3840,2160,
FD_郊外,3840,2160,
FD_酒場,3840,2160,
FD_領主の館,3840,2160,
FD_領主の館中庭,3840,2160,
FD_領主の館地下_血,3840,2160,
FD_領主の館執務室,3840,2160,
FD_領主の館執務室特殊,3840,2160,
FD_領主の館執務室特殊2,3840,2160,
FD_領主の館外壁,3840,2160,
FD_領主の館寝室,3840,2160,
FD_領主の館寝室2,3840,2160,
FD_領主の館広間,3840,2160,
FD_領主の館広間_特殊,3840,2160,
FD_領主の館広間_特殊2,3840,2160,
FD_領主の館広間_特殊3,3840,2160,
FD_領主の館広間カメラ用,3840,2160,
FD_領主の館廊下,3840,2160,
FD_領主の館廊下2,3840,2160,
FD_領主の館廊下3,3840,2160,
FD_領主の館見張り,3840,2160,
FD_領主の館見張り2,3840,2160,
FD_首飾りの回想1,3840,2160,
FD_首飾りの回想2,3840,2160,
FD_首飾りの回想3,3840,2160,
hatenadoor,800,800,
hatenadoor_b,800,800,
heartsound,3840,2160,
mesereiall,3840,2160,
meserei_item,3840,2160,
redsozai,3840,3840,
sihen_1,3840,2160,
sihen_2,3840,2160,
sihen_3,3840,2160,
sihen_4,3840,2160,
sihen_5,3840,2160,
sihen_6,3840,2160,
sihen_7,3840,2160,
sihen_8,3840,2160,
sihen_9,3840,2160,
sword01,3840,2160,
sword02,3840,2160,
sword03,3840,2160,
sword04,3840,2160,
sword_attack01,3840,2160,
sword_attack02,3840,2160,
sword_attack03,3840,2160,
sword_attack04,3840,2160,
sword_attack05,3840,2160,
sword_attack06,3840,2160,
sword_attack07,3840,2160,
toumei,3840,2160,
vita_bgss_1,3840,2160,
vita_bgss_10,3840,2160,
vita_bgss_11,3840,2160,
vita_bgss_12,3840,2160,
vita_bgss_13,3840,2160,
vita_bgss_14,3840,2160,
vita_bgss_2,3840,2160,
vita_bgss_3,3840,2160,
vita_bgss_4,3840,2160,
vita_bgss_5,3840,2160,
vita_bgss_6,3840,2160,
vita_bgss_7,3840,2160,
vita_bgss_8,3840,2160,
vita_bgss_9,3840,2160,
vita_bg_01_0,3840,2160,
vita_bg_02_0,3840,2160,
vita_bg_02_0_up,3840,2160,
vita_bg_02_1,3840,2160,
vita_bg_02_2,3840,2160,
vita_bg_03_0,3840,2160,
vita_bg_03_1,3840,2160,
vita_bg_03_2,3840,2160,
vita_bg_04_0,3840,2160,
vita_bg_04_1,3840,2160,
vita_bg_04_2,3840,2160,
vita_bg_05_0,3840,2160,
vita_bg_05_1,3840,2160,
vita_bg_05_2,3840,2160,
vita_bg_06_0,3840,2160,
vita_bg_06_1,3840,2160,
vita_bg_06_2,3840,2160,
vita_bg_07_0,3840,2160,
vita_bg_07_1,3840,2160,
vita_bg_07_2,3840,2160,
vita_bg_08_0,3840,2160,
vita_bg_08_1,3840,2160,
vita_bg_09_0,3840,2160,
vita_bg_09_1,3840,2160,
vita_bg_09_2,3840,2160,
vita_bg_10_0,3840,2160,
vita_bg_10_1,3840,2160,
vita_bg_10_2,3840,2160,
vita_bg_11_0,3840,2160,
vita_bg_11_1,3840,2160,
vita_bg_11_2,3840,2160,
vita_bg_12_0,3840,2160,
vita_bg_12_1,3840,2160,
vita_bg_12_2,3840,2160,
vita_bg_13_0,3840,2160,
vita_bg_13_1,3840,2160,
vita_bg_13_2,3840,2160,
vita_bg_13_2_b,3840,2160,
vita_bg_14_2,3840,2160,
vita_bg_15_0_a,3840,2160,
vita_bg_15_0_b,3840,2160,
vita_bg_15_1_a,3840,2160,
vita_bg_15_1_b,3840,2160,
vita_bg_15_2_a,3840,2160,
vita_bg_15_2_a_2,3840,2160,
vita_bg_15_2_b,3840,2160,
vita_bg_15_2_b_2,3840,2160,
vita_bg_16_0,3840,2160,
vita_bg_16_1,3840,2160,
vita_bg_16_2,3840,2160,
vita_bg_17_0,3840,2160,
vita_bg_17_1,3840,2160,
vita_bg_17_2,3840,2160,
vita_bg_18_0,3840,2160,
vita_bg_18_1,3840,2160,
vita_bg_18_2,3840,2160,
vita_bg_18_2_rain,3840,2160,
vita_bg_19_0,3840,2160,
vita_bg_19_1,3840,2160,
vita_bg_19_2,3840,2160,
vita_bg_19_2_2,3840,2160,
vita_bg_19_2_3,3840,2160,
vita_bg_19_2_rain,3840,2160,
vita_bg_20_2,3840,2160,
vita_bg_21_0,3840,2160,
vita_bg_21_1,3840,2160,
vita_bg_22_0,3840,2160,
vita_bg_22_1,3840,2160,
vita_bg_22_2,3840,2160,
vita_bg_23_0,3840,2160,
vita_bg_23_1,3840,2160,
vita_bg_23_2,3840,2160,
vita_bg_23_2_c,3840,2160,
vita_bg_リビング,3840,2160,
vita_bg_小屋の中,3840,2160,
vita_bg_故郷,3840,2160,
vita_bg_故郷2,3840,2160,
vita_bg_物見の塔,3840,2160,
vita_bg_薔薇園,3840,2160,
vita_ev_01,3840,2160,
vita_ev_01_up01,3840,2160,
vita_ev_01_up02,3840,2160,
vita_ev_02_0,3840,2160,
vita_ev_02_1,3840,2160,
vita_ev_02_2,3840,2160,
vita_ev_02_up,3840,2160,
vita_ev_03,3840,2160,
vita_ev_04_0,3840,2160,
vita_ev_04_1,3840,2160,
vita_ev_04_2,3840,2160,
vita_ev_04_3,3840,2160,
vita_ev_04_up,3840,2160,
vita_ev_05_0,3840,2160,
vita_ev_05_1,3840,2160,
vita_ev_05_2,3840,2160,
vita_ev_05_3,3840,2160,
vita_ev_05_up,3840,2160,
vita_ev_05_up2,3840,2160,
vita_ev_05_up3,3840,2160,
vita_ev_05_up4,3840,2160,
vita_ev_06_0,3840,2160,
vita_ev_06_1,3840,2160,
vita_ev_06_2,3840,2160,
vita_ev_07_0,3840,2160,
vita_ev_07_1,3840,2160,
vita_ev_07_2,3840,2160,
vita_ev_07_3,3840,2160,
vita_ev_08_0,3840,2160,
vita_ev_08_1,3840,2160,
vita_ev_08_up_1,3840,2160,
vita_ev_08_up_2,3840,2160,
vita_ev_09_0,3840,2160,
vita_ev_09_1,3840,2160,
vita_ev_10,3840,2160,
vita_ev_10_up,3840,2160,
vita_ev_11,3840,2160,
vita_ev_12,3840,2160,
vita_ev_13,3840,2160,
vita_ev_14,3840,2160,
vita_ev_15,3840,2160,
vita_sb_01_0,3840,2160,
vita_sb_01_1,3840,2160,
vita_sb_01_2,3840,2160,
vita_sb_01_3,3840,2160,
vita_sb_02_0,3840,2160,
vita_sb_02_1,3840,2160,
vita_sb_03,3840,2176,
vita_sb_04,3840,2160,
vita_sb_05_0,3840,2160,
vita_sb_05_1,3840,2160,
vita_sb_06,3840,2160,
vita_sb_07,3840,2160,
vita_sb_08,3840,2160,
vita_sb_09_a,3840,2160,
vita_sb_09_b,3840,2160,
vita_sb_09_c,3840,2160,
vita_sb_09_d,3840,2160,
vita_sb_09_e,3840,2160,
vita_sb_09_f,3840,2160,
vita_sb_09_g,3840,2160,
vita_sb_09_h,3840,2160,
vita_sb_09_i,3840,2160,
vita_sb_09_j,3840,2160,
vita_sb_09_k,3840,2160,
vita_sb_09_l,3840,2160,
vita_sb_10,3840,2160,
vita_sb_11_a,3840,2160,
vita_sb_11_b,3840,2160,
vita_sb_11_c,3840,2160,
vita_sb_12,3840,2160,
vita_sb_13,3840,2160,
vita_sb_14,3840,2160,
whitesozai,3840,3840,
あなたを殺そうと,3840,2160,
あなたを殺そうと2,3840,2160,
あなたを殺そうと3,3840,2160,
あなたを殺そうと4,3840,2160,
あなたを殺そうと前,3840,2160,
お兄さま,3840,2160,
お兄さま2,3840,2160,
お兄さま3,3840,2160,
お帰りお兄様,3840,2160,
やがて死に至る毒,3840,2160,
エンディング,3840,2160,
エンディング0,3840,2160,
エンディング2,3840,2160,
エンディング3,3840,2160,
エンディング4,3840,2160,
エンディング5,3840,2160,
エンディング6,3840,2160,
エンディング7,3840,2160,
エンディング8,3840,2160,
エンディング8前,3840,2160,
エンディング_再会右,3840,2160,
エンディング_再会左,3840,2160,
エンディング_振り返った先,3840,2160,
エンディング_振り返った先2,3840,2160,
エンディング_館の解放,3840,2160,
オープニング,3840,2160,
オープニング3,3840,2160,
キャプション一章,3840,2160,
ジゼルの鍵,3840,2160,
ステンドグラス,3840,2160,
ステンドグラス_現実,3840,2160,
ステンドグラス_現実消滅,3840,2160,
セブンス_本屋,3840,2160,
ネリーの部屋,3840,2160,
ネリーの部屋夜,3840,2160,
ネリーアップ,3840,2160,
バグ画面,3840,2160,
バグ画面2,3840,2160,
ベステアの鍵,3840,2160,
ミシェルの深層心理,3840,2160,
メルの絶望,3840,2160,
メルの絶望2,3840,2160,
メルの部屋,3840,2160,
メルの部屋夜,3840,2160,
メルの鍵,3840,2160,
モルガーナの独白_っ,3840,2160,
モルガーナの独白_て,3840,2160,
モルガーナの独白_や,3840,2160,
モルガーナの独白_る,3840,2160,
モルガーナ独白_呪,3840,2160,
モル章_ミシェルの手,3840,2160,
モル章_ミシェルの手2,3840,2160,
モル章_死体の手,3840,2160,
モル章_背景,3840,2160,
モル章_背景2,3840,2160,
モル章_背景3,3840,2160,
モル章_背景4,3840,2160,
モル章_背景5,3840,2160,
モル章_背景6,3840,2160,
モル章_背景7,3840,2160,
モル章_背景8,3840,2160,
ヤコポの鍵,3840,2160,
ヤコ章背景,3840,2160,
ヤコ章背景2,3840,2160,
ヤコ章背景3,3840,2160,
ヤコ章背景4,3840,2160,
ヤコ章背景5,3840,2160,
ヤコ章背景6,3840,2160,
ラスト_共に生きよう,3840,2160,
ラスト_共に生きよう2,3840,2160,
ラスト_共に生きよう3,3840,2160,
ラスト_共に生きよう4,3840,2160,
ラスト_共に生きよう5,3840,2160,
ラスト_待っているから,3840,2160,
ラスト_待っているから2,3840,2160,
ラスト_待っているから3,3840,2160,
ラスト_待っているから4,3840,2160,
ラスト_迎えにきた,3840,2160,
ラスト_迎えにきた2,3840,2160,
ラスト_迎えにきた3,3840,2160,
ラスト_迎えにきた4,3840,2160,
リビング,3840,2160,
リビング消滅,3840,2160,
一章メイド部屋夜,3840,2160,
倉庫,3840,2160,
光の中へ,3840,2160,
光の中へ2,3840,2160,
光の中へ3,3840,2160,
劇場,3840,2160,
呪い,3840,2160,
呪ってやる背景,3840,2160,
墨で塗りたくる,3840,2160,
奪還_ジゼル,3840,2160,
奪還_ジゼル血,3840,2160,
女中の深層心理,3840,2160,
姿見,3840,2160,
姿見_黒,3840,2160,
姿見消滅,3840,2160,
導入,3840,2160,
屋敷内部の扉,3840,2160,
屋敷広間,3840,2160,
屋敷広間_夜,3840,2160,
屋敷扉,3840,2160,
工房,3840,2160,
工房前階段,3840,2160,
幸せよ,3840,2160,
幸せよ2,3840,2160,
廊下,3840,2160,
扉,3840,2160,
教会,3840,2160,
教会前階段,3840,2160,
教会前階段夜,3840,2160,
斬首用2,3840,2160,
暖炉,3840,2160,
暖炉2,3840,2160,
暖炉消滅,3840,2160,
暗い森,3840,2160,
本棚,3840,2160,
欠陥同士,3840,2160,
注意書き,3840,2160,
滅びゆく物語に,3840,2160,
滅びゆく物語に2,3840,2160,
滅びゆく物語に背景,3840,2160,
物見の塔,3840,2160,
物見の塔2,3840,2160,
物見の塔3,3840,2160,
物見の塔上,3840,2160,
物見の塔下,3840,2160,
現代_クラスルーム,3840,2160,
現代_パリの街角,3840,2160,
現代_パリの街角2,3840,2160,
現代_フランスカフェ,3840,2160,
現代_ロンドン,3840,2160,
現代_信号前,3840,2160,
現代_墓,3840,2160,
現代_道路,3840,2160,
現代編_オープニング,3840,2160,
現代編_オープニング2,3840,2160,
現実_ステンドグラス2,3840,2160,
現実_ビリヤード台,3840,2160,
現実_ビリヤード台2,3840,2160,
現実_ビリヤード台消滅,3840,2160,
現実_ベッドルーム,3840,2160,
現実_ベッドルーム消滅,3840,2160,
現実_倉庫,3840,2160,
現実_倉庫2,3840,2160,
現実_倉庫3,3840,2160,
現実_倉庫消滅,3840,2160,
現実_塔最上階,3840,2160,
現実_廊下2,3840,2160,
現実_廊下消滅,3840,2160,
現実_扉2,3840,2160,
現実_教会奥の扉,3840,2160,
現実_教会奥の扉2,3840,2160,
現実_教会奥の扉消滅,3840,2160,
現実_暖炉2,3840,2160,
現実_本棚,3840,2160,
現実_本棚消滅,3840,2160,
現実_物見の塔,3840,2160,
現実_物見の塔前の扉,3840,2160,
現実_物見の塔前の扉2,3840,2160,
現実_物見の塔前の扉3,3840,2160,
現実_物見の塔前の扉消滅,3840,2160,
現実_物見の塔消滅,3840,2160,
現実_薔薇園,3840,2160,
現実_薔薇園消滅,3840,2160,
現実_裏庭へ,3840,2160,
現実_裏庭へ2,3840,2160,
現実_館の玄関,3840,2160,
現実_館の玄関消滅,3840,2160,
白い髪の娘の肖像,3840,2160,
白い髪の娘の肖像0,3840,2160,
白い髪の娘の肖像2,3840,2160,
白い髪の娘の肖像_前,3840,2160,
白一枚絵,3840,2160,
白一枚絵2,3840,2160,
白髪ネリー0,3840,2160,
白髪ネリー1,3840,2160,
白髪ネリー2,3840,2160,
絵画,3840,2160,
絵画2,3840,2160,
絵画3,3840,2160,
絵画4,3840,2160,
絵画_ss,3840,2160,
聖なるかな,3840,2160,
聖なるかな2,3840,2160,
聖なるかな3,3840,2160,
聖なるかな4,3840,2160,
聖なるかな5,3840,2160,
聖なるかな6,3840,2160,
聖なるかな7,3840,2160,
薔薇は白かった1,3840,2160,
薔薇は白かった2,3840,2160,
薔薇園,3840,2160,
薔薇園2,3840,2160,
薔薇園3,3840,2160,
薔薇園4,3840,2160,
薔薇園夜,3840,2160,
血痕,3840,2160,
血痕2,3840,2160,
血飛沫,3840,2160,
血飛沫2,3840,2160,
血飛沫3,3840,2160,
血飛沫4,3840,2160,
血飛沫5,3840,2160,
血飛沫6,3840,2160,
血飛沫7,3840,2160,
血飛沫ラスト,3840,2160,
裏庭へ,3840,2160,
襲われる白髪,3840,2160,
襲われる白髪2,3840,2160,
記憶の歪み,3840,2160,
記憶の歪み前,3840,2160,
過去_外観物見の塔,3840,2160,
道,3840,2160,
道2,3840,2160,
道2夜,3840,2160,
道3,3840,2160,
道夜,3840,2160,
階段地下へ,3840,2160,
霧の中,3840,2160,
風景画,3840,2160,
風景画2,3840,2160,
風景画_落書き,3840,2160,
風景画_黒,3840,2160,
風景画_黒2,3840,2160,
飛び散る血,3840,2160,
飛び散る血2,3840,2160,
飛び散る血3,3840,2160,
館_この手を取って,3840,2160,
館_この手を取って2,3840,2160,
館の廊下一章,3840,2160,
館の廊下一章_夜,3840,2160,
館の玄関,3840,2160,
館の玄関_一章,3840,2160,
館外観四章,3840,2160,
高い窓,3840,2160,
高い窓2,3840,2160,
鳩,3840,2160,
